id,kode_prodi,nama_prodi,jenjang,kategori,rumpun,lokasi_kampus,fakultas,fakultas_singkatan,akreditasi,akreditasi_skor,akreditasi_internasional,daya_tampung,website,link_sk_akreditasi
s1-agribisnis,54201,Agribisnis,S1,S1,Saintek,Kampus Utama (Surakarta),Fakultas Pertanian,FP,Unggul,361.00,AQAS,160,https://agribisnis.fp.uns.ac.id/,https://spmb.uns.ac.id/infoprodi/profil/akreditasi?kode_prodi=54201
s1-agroteknologi,54211,Agroteknologi,S1,S1,Saintek,Kampus Utama (Surakarta),Fakultas Pertanian,FP,Unggul,361.00,ASIIN,180,https://agroteknologi.fp.uns.ac.id/,https://spmb.uns.ac.id/infoprodi/profil/akreditasi?kode_prodi=54211
s1-akuntansi,62201,Akuntansi,S1,S1,Soshum,Kampus Utama (Surakarta),Fakultas Ekonomika dan Bisnis,FEB,Unggul,,AQAS,170,https://feb.uns.ac.id/feb/s1-akuntansi2/,https://spmb.uns.ac.id/infoprodi/profil/akreditasi?kode_prodi=62201
s1-arsitektur,23201,Arsitektur,S1,S1,Saintek,Kampus Utama (Surakarta),Fakultas Teknik,FT,Unggul,362.00,,130,https://arsitektur.ft.uns.ac.id/,https://spmb.uns.ac.id/infoprodi/profil/akreditasi?kode_prodi=23201
s1-bahasa-dan-kebudayaan-jepang,79225,Bahasa dan Kebudayaan Jepang,S1,S1,Soshum,Kampus Utama (Surakarta),Fakultas Ilmu Budaya,FIB,Akreditasi Minimal,,,,,https://spmb.uns.ac.id/infoprodi/profil/akreditasi?kode_prodi=79225
s1-bahasa-mandarin-dan-kebudayaan-tiongkok,79214,Bahasa Mandarin dan Kebudayaan Tiongkok,S1,S1,Soshum,Kampus Utama (Surakarta),Fakultas Ilmu Budaya,FIB,Terakreditasi,,,75,https://sinologi.fib.uns.ac.id/,https://spmb.uns.ac.id/infoprodi/profil/akreditasi?kode_prodi=79214
s1-bimbingan-dan-konseling,86201,Bimbingan dan Konseling,S1,S1,Soshum,Kampus Utama (Surakarta),Fakultas Keguruan dan Ilmu Pendidikan,FKIP,Unggul,370.00,,90,http://bk.fkip.uns.ac.id,https://spmb.uns.ac.id/infoprodi/profil/akreditasi?kode_prodi=86201
s1-biologi,46201,Biologi,S1,S1,Saintek,Kampus Utama (Surakarta),Fakultas Matematika dan Ilmu Pengetahuan Alam,FMIPA,Unggul,,ASIIN,90,https://biology.mipa.uns.ac.id/,https://spmb.uns.ac.id/infoprodi/profil/akreditasi?kode_prodi=46201
s1-bisnis-digital,61209,Bisnis Digital,S1,S1,Soshum,Kampus Utama (Surakarta),Fakultas Ekonomika dan Bisnis,FEB,Baik Sekali,,,120,https://feb.uns.ac.id/feb/s1_bisnisdigital/,https://spmb.uns.ac.id/infoprodi/profil/akreditasi?kode_prodi=61209
s1-desain-interior,90221,Desain Interior,S1,S1,Soshum,Kampus Utama (Surakarta),Fakultas Seni Rupa dan Desain,FSRD,Unggul,368.00,,90,https://fsrd.uns.ac.id/s1-desain-interior/,https://spmb.uns.ac.id/infoprodi/profil/akreditasi?kode_prodi=90221
s1-desain-komunikasi-visual,90241,Desain Komunikasi Visual,S1,S1,Soshum,Kampus Utama (Surakarta),Fakultas Seni Rupa dan Desain,FSRD,Unggul,378.00,,150,https://fsrd.uns.ac.id/s1-desain-komunikasi-visual/,https://spmb.uns.ac.id/infoprodi/profil/akreditasi?kode_prodi=90241
s1-desain-mode,90234,Desain Mode,S1,S1,Soshum,Kampus Utama (Surakarta),Fakultas Seni Rupa dan Desain,FSRD,Unggul,364.00,,60,,https://spmb.uns.ac.id/infoprodi/profil/akreditasi?kode_prodi=90234
s1-ekonomi-dan-keuangan-islam,60230,Ekonomi dan Keuangan Islam,S1,S1,Soshum,Kampus Utama (Surakarta),Fakultas Ekonomika dan Bisnis,FEB,Baik,,,,,https://spmb.uns.ac.id/infoprodi/profil/akreditasi?kode_prodi=60230
s1-ekonomi-pembangunan,60201,Ekonomi Pembangunan,S1,S1,Soshum,Kampus Utama (Surakarta),Fakultas Ekonomika dan Bisnis,FEB,Unggul,376.00,AQAS,180,https://feb.uns.ac.id/feb/ekonomi_pembangunan/,https://spmb.uns.ac.id/infoprodi/profil/akreditasi?kode_prodi=60201
s1-farmasi,48201,Farmasi,S1,S1,Saintek,Kampus Utama (Surakarta),Fakultas Matematika dan Ilmu Pengetahuan Alam,FMIPA,Baik Sekali,343.00,,80,https://mipa.uns.ac.id/farmasi/,https://spmb.uns.ac.id/infoprodi/profil/akreditasi?kode_prodi=48201
s1-fisika,45201,Fisika,S1,S1,Saintek,Kampus Utama (Surakarta),Fakultas Matematika dan Ilmu Pengetahuan Alam,FMIPA,Unggul,,ASIIN,90,https://physics.mipa.uns.ac.id/,https://spmb.uns.ac.id/infoprodi/profil/akreditasi?kode_prodi=45201
s1-hubungan-internasional,64201,Hubungan Internasional,S1,S1,Soshum,Kampus Utama (Surakarta),Fakultas Ilmu Sosial dan Politik,FISIP,Baik Sekali,325.00,,90,https://uns.ac.id/id/fakultas/isip/s-1-hubungan-internasiona,https://spmb.uns.ac.id/infoprodi/profil/akreditasi?kode_prodi=64201
s1-ilmu-administrasi-negara,63201,Ilmu Administrasi Negara,S1,S1,Soshum,Kampus Utama (Surakarta),Fakultas Ilmu Sosial dan Politik,FISIP,Unggul,368.00,FIBAA,140,https://an.fisip.uns.ac.id/,https://spmb.uns.ac.id/infoprodi/profil/akreditasi?kode_prodi=63201
s1-ilmu-administrasi-negara-kampus-kebumen,63206,Ilmu Administrasi Negara Kampus Kebumen,S1,S1,Soshum,Kampus PSDKU Kebumen,Fakultas Ilmu Sosial dan Politik,FISIP,Akreditasi Minimal,,,80,https://an.fisip.uns.ac.id/,https://spmb.uns.ac.id/infoprodi/profil/akreditasi?kode_prodi=63206
s1-ilmu-hukum,74201,Ilmu Hukum,S1,S1,Soshum,Kampus Utama (Surakarta),Fakultas Hukum,FH,Unggul,369.00,FIBAA,600,https://hukum.uns.ac.id/prodi-s1-ilmu-hukum/,https://spmb.uns.ac.id/infoprodi/profil/akreditasi?kode_prodi=74201
s1-ilmu-komunikasi,70201,Ilmu Komunikasi,S1,S1,Soshum,Kampus Utama (Surakarta),Fakultas Ilmu Sosial dan Politik,FISIP,Unggul,268.00,AQAS,135,,https://spmb.uns.ac.id/infoprodi/profil/akreditasi?kode_prodi=70201
s1-ilmu-lingkungan,25201,Ilmu Lingkungan,S1,S1,Saintek,Kampus Utama (Surakarta),Fakultas Matematika dan Ilmu Pengetahuan Alam,FMIPA,Baik,261.00,,80,https://mipa.uns.ac.id/ilmu-lingkungan/,https://spmb.uns.ac.id/infoprodi/profil/akreditasi?kode_prodi=25201
s1-ilmu-sejarah,80201,Ilmu Sejarah,S1,S1,Soshum,Kampus Utama (Surakarta),Fakultas Ilmu Budaya,FIB,Unggul,374.00,,85,https://sejarah.fib.uns.ac.id/,https://spmb.uns.ac.id/infoprodi/profil/akreditasi?kode_prodi=80201
s1-ilmu-tanah,54294,Ilmu Tanah,S1,S1,Saintek,Kampus Utama (Surakarta),Fakultas Pertanian,FP,Unggul,361.00,ASIIN,130,https://ilmutanah.fp.uns.ac.id/,https://spmb.uns.ac.id/infoprodi/profil/akreditasi?kode_prodi=54294
s1-ilmu-teknologi-pangan,41231,Ilmu Teknologi Pangan,S1,S1,Saintek,Kampus Utama (Surakarta),Fakultas Pertanian,FP,Unggul,366.00,ASIIN,120,https://ilmupangan.fp.uns.ac.id/,https://spmb.uns.ac.id/infoprodi/profil/akreditasi?kode_prodi=41231
s1-informatika,55201,Informatika,S1,S1,Saintek,Kampus Utama (Surakarta),Fakultas Teknologi Informasi dan Sains Data,FATISDA,Unggul,362.00,,150,https://if.fatisda.uns.ac.id/,https://spmb.uns.ac.id/infoprodi/profil/akreditasi?kode_prodi=55201
s1-informatika-psdku-kebumen,55604,Informatika PSDKU (Kebumen),S1,S1,Saintek,Kampus PSDKU Kebumen,Fakultas Teknologi Informasi dan Sains Data,FATISDA,Baik,,,50,,https://spmb.uns.ac.id/infoprodi/profil/akreditasi?kode_prodi=55604
s1-kebidanan,15201,Kebidanan,S1,S1,Saintek,Kampus Utama (Surakarta),Fakultas Kedokteran,FK,Baik Sekali,311.00,,70,https://sarjanakebidanan.fk.uns.ac.id/,https://spmb.uns.ac.id/infoprodi/profil/akreditasi?kode_prodi=15201
s1-kedokteran,11201,Kedokteran,S1,S1,Saintek,Kampus Utama (Surakarta),Fakultas Kedokteran,FK,Unggul,371.00,,240,https://prodikedokteran.fk.uns.ac.id/,https://spmb.uns.ac.id/infoprodi/profil/akreditasi?kode_prodi=11201
s1-kimia,47201,Kimia,S1,S1,Saintek,Kampus Utama (Surakarta),Fakultas Matematika dan Ilmu Pengetahuan Alam,FMIPA,Unggul,364.00,ASIIN,90,https://chemistry.mipa.uns.ac.id/,https://spmb.uns.ac.id/infoprodi/profil/akreditasi?kode_prodi=47201
s1-manajemen,61201,Manajemen,S1,S1,Soshum,Kampus Utama (Surakarta),Fakultas Ekonomika dan Bisnis,FEB,Unggul,376.00,AQAS,200,https://feb.uns.ac.id/feb/s1_manajemen/,https://spmb.uns.ac.id/infoprodi/profil/akreditasi?kode_prodi=61201
s1-matematika,44201,Matematika,S1,S1,Saintek,Kampus Utama (Surakarta),Fakultas Matematika dan Ilmu Pengetahuan Alam,FMIPA,Unggul,,ASIIN,90,https://math.mipa.uns.ac.id/,https://spmb.uns.ac.id/infoprodi/profil/akreditasi?kode_prodi=44201
s1-pendidikan-administrasi-perkantoran,87210,Pendidikan Administrasi Perkantoran,S1,S1,Soshum,Kampus Utama (Surakarta),Fakultas Keguruan dan Ilmu Pendidikan,FKIP,Unggul,372.00,,90,https://adp.fkip.uns.ac.id/,https://spmb.uns.ac.id/infoprodi/profil/akreditasi?kode_prodi=87210
s1-pendidikan-akuntansi,87209,Pendidikan Akuntansi,S1,S1,Soshum,Kampus Utama (Surakarta),Fakultas Keguruan dan Ilmu Pendidikan,FKIP,Unggul,367.00,AQAS,90,https://akuntansi.fkip.uns.ac.id/,https://spmb.uns.ac.id/infoprodi/profil/akreditasi?kode_prodi=87209
s1-pendidikan-bahasa-dan-sastra-indonesia,88201,Pendidikan Bahasa Dan Sastra Indonesia,S1,S1,Soshum,Kampus Utama (Surakarta),Fakultas Keguruan dan Ilmu Pendidikan,FKIP,Unggul,370.00,FIBAA,90,https://bastind.fkip.uns.ac.id/,https://spmb.uns.ac.id/infoprodi/profil/akreditasi?kode_prodi=88201
s1-pendidikan-bahasa-inggris,88203,Pendidikan Bahasa Inggris,S1,S1,Soshum,Kampus Utama (Surakarta),Fakultas Keguruan dan Ilmu Pendidikan,FKIP,Unggul,371.00,,90,https://english.fkip.uns.ac.id/,https://spmb.uns.ac.id/infoprodi/profil/akreditasi?kode_prodi=88203
s1-pendidikan-bahasa-jawa,88202,Pendidikan Bahasa Jawa,S1,S1,Soshum,Kampus Utama (Surakarta),Fakultas Keguruan dan Ilmu Pendidikan,FKIP,Unggul,383.00,,80,https://jawa.fkip.uns.ac.id/,https://spmb.uns.ac.id/infoprodi/profil/akreditasi?kode_prodi=88202
s1-pendidikan-biologi,84205,Pendidikan Biologi,S1,S1,Saintek,Kampus Utama (Surakarta),Fakultas Keguruan dan Ilmu Pendidikan,FKIP,Unggul,375.00,ASIIN,100,https://biologi.fkip.uns.ac.id/,https://spmb.uns.ac.id/infoprodi/profil/akreditasi?kode_prodi=84205
s1-pendidikan-ekonomi,87203,Pendidikan Ekonomi,S1,S1,Soshum,Kampus Utama (Surakarta),Fakultas Keguruan dan Ilmu Pendidikan,FKIP,Unggul,361.00,FIBAA,120,https://ekonomi.fkip.uns.ac.id/,https://spmb.uns.ac.id/infoprodi/profil/akreditasi?kode_prodi=87203
s1-pendidikan-fisika,84203,Pendidikan Fisika,S1,S1,Saintek,Kampus Utama (Surakarta),Fakultas Keguruan dan Ilmu Pendidikan,FKIP,Unggul,372.00,ASIIN,90,https://fisika.fkip.uns.ac.id/,https://spmb.uns.ac.id/infoprodi/profil/akreditasi?kode_prodi=84203
s1-pendidikan-geografi,87202,Pendidikan Geografi,S1,S1,Soshum,Kampus Utama (Surakarta),Fakultas Keguruan dan Ilmu Pendidikan,FKIP,Unggul,367.00,,90,https://geografi.fkip.uns.ac.id/,https://spmb.uns.ac.id/infoprodi/profil/akreditasi?kode_prodi=87202
s1-pendidikan-guru-pendidikan-anak-usia-dini,86207,Pendidikan Guru Pendidikan Anak Usia Dini,S1,S1,Soshum,Kampus Utama (Surakarta),Fakultas Keguruan dan Ilmu Pendidikan,FKIP,Unggul,369.00,,80,https://paud.fkip.uns.ac.id/,https://spmb.uns.ac.id/infoprodi/profil/akreditasi?kode_prodi=86207
s1-pendidikan-guru-sekolah-dasar,86206,Pendidikan Guru Sekolah Dasar,S1,S1,Soshum,Kampus Utama (Surakarta),Fakultas Keguruan dan Ilmu Pendidikan,FKIP,Unggul,385.00,AQAS,200,https://pgsd.fkip.uns.ac.id/,https://spmb.uns.ac.id/infoprodi/profil/akreditasi?kode_prodi=86206
s1-pendidikan-guru-sekolah-dasar-kampus-kabupaten-kebumen,86240,Pendidikan Guru Sekolah Dasar (Kampus Kabupaten Kebumen),S1,S1,Soshum,Kampus PSDKU Kebumen,Fakultas Keguruan dan Ilmu Pendidikan,FKIP,Baik Sekali,305.00,,120,pgsd.fkip.uns.ac.id,https://spmb.uns.ac.id/infoprodi/profil/akreditasi?kode_prodi=86240
s1-pendidikan-ilmu-pengetahuan-alam,84206,Pendidikan Ilmu Pengetahuan Alam,S1,S1,Soshum,Kampus Utama (Surakarta),Fakultas Keguruan dan Ilmu Pendidikan,FKIP,Unggul,380.00,ASIIN,80,https://ipa.fkip.uns.ac.id/,https://spmb.uns.ac.id/infoprodi/profil/akreditasi?kode_prodi=84206
s1-pendidikan-jasmani-kesehatan-dan-rekreasi,85201,"Pendidikan Jasmani, Kesehatan Dan Rekreasi",S1,S1,Soshum,Kampus Utama (Surakarta),Fakultas Keguruan dan Ilmu Pendidikan,FKIP,Unggul,367.00,,155,http://penjaskesrek.fkip.uns.ac.id/,https://spmb.uns.ac.id/infoprodi/profil/akreditasi?kode_prodi=85201
s1-pendidikan-kepelatihan-olahraga,85202,Pendidikan Kepelatihan Olahraga,S1,S1,Saintek / Keolahragaan,Kampus Utama (Surakarta),Fakultas Keolahragaan,FKOR,Unggul,366.00,,160,https://pkor.fkor.uns.ac.id/,https://spmb.uns.ac.id/infoprodi/profil/akreditasi?kode_prodi=85202
s1-pendidikan-kimia,84204,Pendidikan Kimia,S1,S1,Saintek,Kampus Utama (Surakarta),Fakultas Keguruan dan Ilmu Pendidikan,FKIP,Unggul,376.00,ASIIN,100,https://kimia.fkip.uns.ac.id/,https://spmb.uns.ac.id/infoprodi/profil/akreditasi?kode_prodi=84204
s1-pendidikan-luar-biasa,86202,Pendidikan Luar Biasa,S1,S1,Soshum,Kampus Utama (Surakarta),Fakultas Keguruan dan Ilmu Pendidikan,FKIP,Unggul,383.00,AQAS,80,https://plb.fkip.uns.ac.id/,https://spmb.uns.ac.id/infoprodi/profil/akreditasi?kode_prodi=86202
s1-pendidikan-matematika,84202,Pendidikan Matematika,S1,S1,Saintek,Kampus Utama (Surakarta),Fakultas Keguruan dan Ilmu Pendidikan,FKIP,Unggul,372.00,ASIIN,90,https://math.fkip.uns.ac.id/,https://spmb.uns.ac.id/infoprodi/profil/akreditasi?kode_prodi=84202
s1-pendidikan-pancasila-dan-kewarganegaraan,87205,Pendidikan Pancasila Dan Kewarganegaraan,S1,S1,Soshum,Kampus Utama (Surakarta),Fakultas Keguruan dan Ilmu Pendidikan,FKIP,Unggul,386.00,AQAS,90,https://ppkn.fkip.uns.ac.id/,https://spmb.uns.ac.id/infoprodi/profil/akreditasi?kode_prodi=87205
s1-pendidikan-sejarah,87201,Pendidikan Sejarah,S1,S1,Soshum,Kampus Utama (Surakarta),Fakultas Keguruan dan Ilmu Pendidikan,FKIP,Unggul,379.00,AQAS,80,https://sejarah.fkip.uns.ac.id/,https://spmb.uns.ac.id/infoprodi/profil/akreditasi?kode_prodi=87201
s1-pendidikan-seni-rupa,88210,Pendidikan Seni Rupa,S1,S1,Soshum,Kampus Utama (Surakarta),Fakultas Keguruan dan Ilmu Pendidikan,FKIP,Unggul,375.00,,80,https://senirupa.fkip.uns.ac.id/,https://spmb.uns.ac.id/infoprodi/profil/akreditasi?kode_prodi=88210
s1-pendidikan-sosiologi-antropologi,87204,Pendidikan Sosiologi Antropologi,S1,S1,Soshum,Kampus Utama (Surakarta),Fakultas Keguruan dan Ilmu Pendidikan,FKIP,Unggul,369.00,,80,https://sosant.fkip.uns.ac.id/,https://spmb.uns.ac.id/infoprodi/profil/akreditasi?kode_prodi=87204
s1-pendidikan-teknik-bangunan,83205,Pendidikan Teknik Bangunan,S1,S1,Saintek,Kampus Utama (Surakarta),Fakultas Keguruan dan Ilmu Pendidikan,FKIP,Unggul,367.00,,90,https://ptb.fkip.uns.ac.id/,https://spmb.uns.ac.id/infoprodi/profil/akreditasi?kode_prodi=83205
s1-pendidikan-teknik-informatika-komputer,83207,Pendidikan Teknik Informatika & Komputer,S1,S1,Saintek,Kampus Utama (Surakarta),Fakultas Keguruan dan Ilmu Pendidikan,FKIP,Unggul,381.00,ASIIN,90,https://ptik.fkip.uns.ac.id/,https://spmb.uns.ac.id/infoprodi/profil/akreditasi?kode_prodi=83207
s1-pendidikan-teknik-mesin,83203,Pendidikan Teknik Mesin,S1,S1,Saintek,Kampus Utama (Surakarta),Fakultas Keguruan dan Ilmu Pendidikan,FKIP,Unggul,374.00,ASIIN,90,https://ptm.fkip.uns.ac.id/id/,https://spmb.uns.ac.id/infoprodi/profil/akreditasi?kode_prodi=83203
s1-pengelolaan-hutan,54251,Pengelolaan Hutan,S1,S1,Saintek,Kampus Utama (Surakarta),Fakultas Pertanian,FP,Baik,233.00,,100,https://pengelolaanhutan.fp.uns.ac.id/,https://spmb.uns.ac.id/infoprodi/profil/akreditasi?kode_prodi=54251
s1-penyuluhan-dan-komunikasi-pertanian,54203,Penyuluhan dan Komunikasi Pertanian,S1,S1,Saintek,Kampus Utama (Surakarta),Fakultas Pertanian,FP,Unggul,365.00,ASIIN,120,https://pkp.fp.uns.ac.id/,https://spmb.uns.ac.id/infoprodi/profil/akreditasi?kode_prodi=54203
s1-perencanaan-wilayah-dan-kota,35201,Perencanaan Wilayah Dan Kota,S1,S1,Saintek,Kampus Utama (Surakarta),Fakultas Teknik,FT,Unggul,368.00,,110,https://pwk.ft.uns.ac.id/,https://spmb.uns.ac.id/infoprodi/profil/akreditasi?kode_prodi=35201
s1-peternakan,54231,Peternakan,S1,S1,Saintek,Kampus Utama (Surakarta),Fakultas Pertanian,FP,Unggul,361.00,ASIIN,250,https://peternakan.fp.uns.ac.id/,https://spmb.uns.ac.id/infoprodi/profil/akreditasi?kode_prodi=54231
s1-proteksi-tanaman,54296,Proteksi Tanaman,S1,S1,Saintek,Kampus Utama (Surakarta),Fakultas Pertanian,FP,Akreditasi Minimal,,,80,,https://spmb.uns.ac.id/infoprodi/profil/akreditasi?kode_prodi=54296
s1-psikologi,73201,Psikologi,S1,S1,Soshum,Kampus Utama (Surakarta),Fakultas Psikologi,FPSI,Unggul,362.00,,300,https://s1.psikologi.uns.ac.id/,https://spmb.uns.ac.id/infoprodi/profil/akreditasi?kode_prodi=73201
s1-sains-data,49202,Sains Data,S1,S1,Saintek,Kampus Utama (Surakarta),Fakultas Teknologi Informasi dan Sains Data,FATISDA,Baik,201.00,,60,https://sd.fatisda.uns.ac.id/,https://spmb.uns.ac.id/infoprodi/profil/akreditasi?kode_prodi=49202
s1-sastra-arab,79203,Sastra Arab,S1,S1,Soshum,Kampus Utama (Surakarta),Fakultas Ilmu Budaya,FIB,Unggul,372.00,,85,https://arab.fib.uns.ac.id,https://spmb.uns.ac.id/infoprodi/profil/akreditasi?kode_prodi=79203
s1-sastra-daerah,79211,Sastra Daerah,S1,S1,Soshum,Kampus Utama (Surakarta),Fakultas Ilmu Budaya,FIB,Unggul,362.00,FIBAA,85,https://sasda.fib.uns.ac.id/,https://spmb.uns.ac.id/infoprodi/profil/akreditasi?kode_prodi=79211
s1-sastra-indonesia,79201,Sastra Indonesia,S1,S1,Soshum,Kampus Utama (Surakarta),Fakultas Ilmu Budaya,FIB,Unggul,364.00,,85,https://sasindo.fib.uns.ac.id/,https://spmb.uns.ac.id/infoprodi/profil/akreditasi?kode_prodi=79201
s1-sastra-inggris,79202,Sastra Inggris,S1,S1,Soshum,Kampus Utama (Surakarta),Fakultas Ilmu Budaya,FIB,Unggul,367.00,,85,https://sasing.fib.uns.ac.id/,https://spmb.uns.ac.id/infoprodi/profil/akreditasi?kode_prodi=79202
s1-seni-rupa,90203,Seni Rupa,S1,S1,Soshum,Kampus Utama (Surakarta),Fakultas Seni Rupa dan Desain,FSRD,Baik Sekali,332.00,,60,,https://spmb.uns.ac.id/infoprodi/profil/akreditasi?kode_prodi=90203
s1-sosiologi,69201,Sosiologi,S1,S1,Soshum,Kampus Utama (Surakarta),Fakultas Ilmu Sosial dan Politik,FISIP,Unggul,281.00,AQAS,140,https://sosiologi.fisip.uns.ac.id/,https://spmb.uns.ac.id/infoprodi/profil/akreditasi?kode_prodi=69201
s1-statistika,49201,Statistika,S1,S1,Saintek,Kampus Utama (Surakarta),Fakultas Matematika dan Ilmu Pengetahuan Alam,FMIPA,Unggul,364.00,,110,https://statistika.mipa.uns.ac.id/,https://spmb.uns.ac.id/infoprodi/profil/akreditasi?kode_prodi=49201
s1-teknik-elektro,20201,Teknik Elektro,S1,S1,Saintek,Kampus Utama (Surakarta),Fakultas Teknik,FT,Unggul,366.00,IABEE,80,https://elektro.ft.uns.ac.id/,https://spmb.uns.ac.id/infoprodi/profil/akreditasi?kode_prodi=20201
s1-teknik-industri,26201,Teknik Industri,S1,S1,Saintek,Kampus Utama (Surakarta),Fakultas Teknik,FT,Unggul,,IABEE,130,https://industri.ft.uns.ac.id/,https://spmb.uns.ac.id/infoprodi/profil/akreditasi?kode_prodi=26201
s1-teknik-kimia,24201,Teknik Kimia,S1,S1,Saintek,Kampus Utama (Surakarta),Fakultas Teknik,FT,Unggul,375.00,IABEE,120,https://che.ft.uns.ac.id/,https://spmb.uns.ac.id/infoprodi/profil/akreditasi?kode_prodi=24201
s1-teknik-mesin,21201,Teknik Mesin,S1,S1,Saintek,Kampus Utama (Surakarta),Fakultas Teknik,FT,Unggul,370.00,,150,https://mesin.ft.uns.ac.id/,https://spmb.uns.ac.id/infoprodi/profil/akreditasi?kode_prodi=21201
s1-teknik-sipil,22201,Teknik Sipil,S1,S1,Saintek,Kampus Utama (Surakarta),Fakultas Teknik,FT,Unggul,365.00,IABEE,180,https://sipil.ft.uns.ac.id/,https://spmb.uns.ac.id/infoprodi/profil/akreditasi?kode_prodi=22201
s1-teknologi-pendidikan,86203,Teknologi Pendidikan,S1,S1,Soshum,Kampus Utama (Surakarta),Fakultas Keguruan dan Ilmu Pendidikan,FKIP,Baik Sekali,320.00,,90,https://s1tp.fkip.uns.ac.id/,https://spmb.uns.ac.id/infoprodi/profil/akreditasi?kode_prodi=86203
d3-agribisnis,54401,Agribisnis,D3,Vokasi,Saintek,Kampus Utama (Surakarta),Sekolah Vokasi,SV,Unggul,364.00,,130,https://agribisnis.vokasi.uns.ac.id/,https://spmb.uns.ac.id/infoprodi/profil/akreditasi?kode_prodi=54401
d3-akuntansi,62401,Akuntansi,D3,Vokasi,Soshum,Kampus Utama (Surakarta),Sekolah Vokasi,SV,Unggul,,,90,https://akuntansi.vokasi.uns.ac.id/,https://spmb.uns.ac.id/infoprodi/profil/akreditasi?kode_prodi=62401
d3-akuntansi-kampus-kab-madiun,62403,Akuntansi (Kampus Kab. Madiun),D3,Vokasi,Soshum,Kampus PSDKU Madiun,Sekolah Vokasi,SV,Baik,,,60,,https://spmb.uns.ac.id/infoprodi/profil/akreditasi?kode_prodi=62403
d4-bahasa-inggris-untuk-komunikasi-bisnis-dan-profesional,79308,Bahasa Inggris untuk Komunikasi Bisnis dan Profesional,D4,Vokasi,Soshum,Kampus Utama (Surakarta),Sekolah Vokasi,SV,Belum Akreditasi,,,,,https://spmb.uns.ac.id/infoprodi/profil/akreditasi?kode_prodi=79308
d4-bahasa-inggris-untuk-komunikasi-bisnis-dan-profesional,,Bahasa Inggris untuk Komunikasi Bisnis dan Profesional,D4,Vokasi,Soshum,Kampus Utama (Surakarta),Sekolah Vokasi,SV,Belum Akreditasi,,,60,,https://spmb.uns.ac.id/infoprodi/profil/akreditasi?kode_prodi=yyyy
d4-bahasa-mandarin-untuk-komunikasi-bisnis-dan-profesional,79307,Bahasa Mandarin untuk Komunikasi Bisnis dan Profesional,D4,Vokasi,Soshum,Kampus Utama (Surakarta),Sekolah Vokasi,SV,Akreditasi Minimal,,,60,,https://spmb.uns.ac.id/infoprodi/profil/akreditasi?kode_prodi=79307
d3-budi-daya-ternak,54433,Budi Daya Ternak,D3,Vokasi,Saintek,Kampus Utama (Surakarta),Sekolah Vokasi,SV,Baik,260.00,,60,https://budidayaternak.vokasi.uns.ac.id/,https://spmb.uns.ac.id/infoprodi/profil/akreditasi?kode_prodi=54433
d4-demografi-dan-pencatatan-sipil,63313,Demografi dan Pencatatan Sipil,D4,Vokasi,Saintek,Kampus Utama (Surakarta),Sekolah Vokasi,SV,Baik Sekali,345.00,,150,https://dps.vokasi.uns.ac.id/,https://spmb.uns.ac.id/infoprodi/profil/akreditasi?kode_prodi=63313
d4-desain-media-digital,90352,Desain Media Digital,D4,Vokasi,Soshum,Kampus Utama (Surakarta),Sekolah Vokasi,SV,Akreditasi Minimal,,,60,,https://spmb.uns.ac.id/infoprodi/profil/akreditasi?kode_prodi=90352
d3-farmasi,48401,Farmasi,D3,Vokasi,Saintek,Kampus Utama (Surakarta),Sekolah Vokasi,SV,Unggul,377.00,,70,https://farmasi.vokasi.uns.ac.id/,https://spmb.uns.ac.id/infoprodi/profil/akreditasi?kode_prodi=48401
d3-kebidanan,15401,Kebidanan,D3,Vokasi,Saintek,Kampus Utama (Surakarta),Sekolah Vokasi,SV,Unggul,363.00,,90,https://kebidanan.vokasi.uns.ac.id/,https://spmb.uns.ac.id/infoprodi/profil/akreditasi?kode_prodi=15401
d4-keperawatan-anestesiologi,14320,Keperawatan Anestesiologi,D4,Vokasi,Soshum,Kampus Utama (Surakarta),Sekolah Vokasi,SV,Baik,,,60,https://d4anestesiologi.vokasi.uns.ac.id/,https://spmb.uns.ac.id/infoprodi/profil/akreditasi?kode_prodi=14320
d4-keselamatan-dan-kesehatan-kerja,13341,Keselamatan Dan Kesehatan Kerja,D4,Vokasi,Saintek,Kampus Utama (Surakarta),Sekolah Vokasi,SV,Unggul,374.00,,120,https://k3.vokasi.uns.ac.id/,https://spmb.uns.ac.id/infoprodi/profil/akreditasi?kode_prodi=13341
d3-manajemen-administrasi,61401,Manajemen Administrasi,D3,Vokasi,Soshum,Kampus Utama (Surakarta),Sekolah Vokasi,SV,B,333.00,,90,https://manajemenadministrasi.vokasi.uns.ac.id/,https://spmb.uns.ac.id/infoprodi/profil/akreditasi?kode_prodi=61401
d4-manajemen-bisnis,93317,Manajemen Bisnis,D4,Vokasi,Soshum,Kampus Utama (Surakarta),Sekolah Vokasi,SV,Baik,,,60,,https://spmb.uns.ac.id/infoprodi/profil/akreditasi?kode_prodi=93317
d4-manajemen-konstruksi,22310,Manajemen Konstruksi,D4,Vokasi,Soshum,Kampus Utama (Surakarta),Sekolah Vokasi,SV,Baik,,,90,,https://spmb.uns.ac.id/infoprodi/profil/akreditasi?kode_prodi=22310
d4-manajemen-perdagangan-internasional,94306,Manajemen Perdagangan Internasional,D4,Vokasi,Soshum,Kampus Utama (Surakarta),Sekolah Vokasi,SV,Baik,,,60,,https://spmb.uns.ac.id/infoprodi/profil/akreditasi?kode_prodi=94306
d4-pemasaran-digital,61304,Pemasaran Digital,D4,Vokasi,Soshum,Kampus Utama (Surakarta),Sekolah Vokasi,SV,Baik,,,70,,https://spmb.uns.ac.id/infoprodi/profil/akreditasi?kode_prodi=61304
d4-perbankan-dan-keuangan-digital,61318,Perbankan dan Keuangan Digital,D4,Vokasi,Soshum,Kampus Utama (Surakarta),Sekolah Vokasi,SV,Baik,,,80,,https://spmb.uns.ac.id/infoprodi/profil/akreditasi?kode_prodi=61318
d3-perpajakan,62402,Perpajakan,D3,Vokasi,Soshum,Kampus Utama (Surakarta),Sekolah Vokasi,SV,Unggul,,,90,https://pajak.vokasi.uns.ac.id/,https://spmb.uns.ac.id/infoprodi/profil/akreditasi?kode_prodi=62402
d4-perpustakaan-dan-informasi,71303,Perpustakaan dan Informasi,D4,Vokasi,Soshum,Kampus Utama (Surakarta),Sekolah Vokasi,SV,Akreditasi Minimal,,,,,https://spmb.uns.ac.id/infoprodi/profil/akreditasi?kode_prodi=71303
d3-teknik-informatika,55401,Teknik Informatika,D3,Vokasi,Saintek,Kampus Utama (Surakarta),Sekolah Vokasi,SV,Unggul,,,90,https://d3ti.vokasi.uns.ac.id/,https://spmb.uns.ac.id/infoprodi/profil/akreditasi?kode_prodi=55401
d3-teknik-kimia,24401,Teknik Kimia,D3,Vokasi,Saintek,Kampus Utama (Surakarta),Sekolah Vokasi,SV,Unggul,361.00,,45,https://teknikkimia.vokasi.uns.ac.id/,https://spmb.uns.ac.id/infoprodi/profil/akreditasi?kode_prodi=24401
d4-teknologi-informasi-dan-kecerdasan-artifisial,56302,Teknologi Informasi dan Kecerdasan Artifisial,D4,Vokasi,Soshum,Kampus Utama (Surakarta),Sekolah Vokasi,SV,Akreditasi Minimal,,,120,,https://spmb.uns.ac.id/infoprodi/profil/akreditasi?kode_prodi=56302
d4-teknologi-rekayasa-manufaktur,21317,Teknologi Rekayasa Manufaktur,D4,Vokasi,Soshum,Kampus Utama (Surakarta),Sekolah Vokasi,SV,Baik,,,60,,https://spmb.uns.ac.id/infoprodi/profil/akreditasi?kode_prodi=21317
d4-teknologi-rekayasa-pangan,54306,Teknologi Rekayasa Pangan,D4,Vokasi,Soshum,Kampus Utama (Surakarta),Sekolah Vokasi,SV,Terakreditasi,,,,,https://spmb.uns.ac.id/infoprodi/profil/akreditasi?kode_prodi=54306
d3-usaha-perjalanan-wisata,93401,Usaha Perjalanan Wisata,D3,Vokasi,Soshum,Kampus Utama (Surakarta),Sekolah Vokasi,SV,Unggul,361.00,,90,https://upw.vokasi.uns.ac.id/,https://spmb.uns.ac.id/infoprodi/profil/akreditasi?kode_prodi=93401
s2-administrasi-publik,63101,Administrasi Publik,S2,Pascasarjana,Soshum,Kampus Utama (Surakarta),Fakultas Ilmu Sosial dan Politik,FISIP,Unggul,371.00,,"P1: 20, P2: 20",map.fisip.uns.ac.id; http://pasca.uns.ac.id/s2iap,https://spmb.uns.ac.id/infoprodi/profil/akreditasi?kode_prodi=63101
s2-agribisnis,54101,Agribisnis,S2,Pascasarjana,Saintek,Kampus Utama (Surakarta),Fakultas Pertanian,FP,Unggul,363.00,,"P1: 20, P2: 20",,https://spmb.uns.ac.id/infoprodi/profil/akreditasi?kode_prodi=54101
s2-agronomi,54104,Agronomi,S2,Pascasarjana,Multidisiplin,Kampus Utama (Surakarta),Sekolah Pascasarjana,SPS,Unggul,363.00,,"P1: 20, P2: 20",https://pasca.uns.ac.id/s2agronomi/,https://spmb.uns.ac.id/infoprodi/profil/akreditasi?kode_prodi=54104
s2-akuntansi,62101,Akuntansi,S2,Pascasarjana,Soshum,Kampus Utama (Surakarta),Fakultas Ekonomika dan Bisnis,FEB,Unggul,,,"P1: 20, P2: 20",https://feb.uns.ac.id/feb/magister_akuntansi/,https://spmb.uns.ac.id/infoprodi/profil/akreditasi?kode_prodi=62101
s2-arsitektur,23101,Arsitektur,S2,Pascasarjana,Saintek,Kampus Utama (Surakarta),Fakultas Teknik,FT,Baik Sekali,309.00,,"P1: 20, P2: 20",https://s2-arsitektur.ft.uns.ac.id,https://spmb.uns.ac.id/infoprodi/profil/akreditasi?kode_prodi=23101
s3-biologi,46001,Biologi,S3,Pascasarjana,Saintek,Kampus Utama (Surakarta),Fakultas Matematika dan Ilmu Pengetahuan Alam,FMIPA,Baik,286.00,,"P1: 10, P2: 10",https://mipa.uns.ac.id/s3-biologi/,https://spmb.uns.ac.id/infoprodi/profil/akreditasi?kode_prodi=46001
s2-biomedis,11111,Biomedis,S2,Pascasarjana,Saintek,Kampus Utama (Surakarta),Fakultas Kedokteran,FK,Baik,,,"P1: 20, P2: 20",,https://spmb.uns.ac.id/infoprodi/profil/akreditasi?kode_prodi=11111
s2-biosain,46101,Biosain,S2,Pascasarjana,Saintek,Kampus Utama (Surakarta),Fakultas Matematika dan Ilmu Pengetahuan Alam,FMIPA,Unggul,,,"P1: 20, P2: 20",https://mipa.uns.ac.id/s2biosains/,https://spmb.uns.ac.id/infoprodi/profil/akreditasi?kode_prodi=46101
s2-ekonomi-dan-studi-pembangunan,60101,Ekonomi dan Studi Pembangunan,S2,Pascasarjana,Soshum,Kampus Utama (Surakarta),Fakultas Ekonomika dan Bisnis,FEB,Unggul,,,"P1: 25, P2: 25",https://feb.uns.ac.id/feb/magister_ekonomi_studipembangunan/,https://spmb.uns.ac.id/infoprodi/profil/akreditasi?kode_prodi=60101
s3-fisika,45001,Fisika,S3,Pascasarjana,Saintek,Kampus Utama (Surakarta),Fakultas Matematika dan Ilmu Pengetahuan Alam,FMIPA,Baik Sekali,,,"P1: 10, P2: 10",https://mipa.uns.ac.id/s3-fisika/,https://spmb.uns.ac.id/infoprodi/profil/akreditasi?kode_prodi=45001
s3-ilmu-ekonomi,60001,Ilmu Ekonomi,S3,Pascasarjana,Soshum,Kampus Utama (Surakarta),Fakultas Ekonomika dan Bisnis,FEB,Unggul,,,"P1: 25, P2: 25",https://feb.uns.ac.id/feb/pdie/,https://spmb.uns.ac.id/infoprodi/profil/akreditasi?kode_prodi=60001
s2-ilmu-fisika,45101,Ilmu Fisika,S2,Pascasarjana,Saintek,Kampus Utama (Surakarta),Fakultas Matematika dan Ilmu Pengetahuan Alam,FMIPA,Unggul,,,"P1: 15, P2: 15",mipa.uns.ac.id/s2-ilmu-fisika/,https://spmb.uns.ac.id/infoprodi/profil/akreditasi?kode_prodi=45101
s2-ilmu-gizi,13111,Ilmu Gizi,S2,Pascasarjana,Multidisiplin,Kampus Utama (Surakarta),Sekolah Pascasarjana,SPS,Unggul,361.00,,"P1: 40, P2: 10",https://pasca.uns.ac.id/s2ilmugizi/,https://spmb.uns.ac.id/infoprodi/profil/akreditasi?kode_prodi=13111
s3-ilmu-hukum,74001,Ilmu Hukum,S3,Pascasarjana,Soshum,Kampus Utama (Surakarta),Fakultas Hukum,FH,Unggul,389.00,,"P1: 30, P2: 30",https://hukum.uns.ac.id/prodi-s3-ilmu-hukum-pdih/,https://spmb.uns.ac.id/infoprodi/profil/akreditasi?kode_prodi=74001
s2-ilmu-hukum,74101,Ilmu Hukum,S2,Pascasarjana,Soshum,Kampus Utama (Surakarta),Fakultas Hukum,FH,Unggul,362.00,,"P1: 50, P2: 50",https://hukum.uns.ac.id/prodi-s3-ilmu-hukum-pdih/,https://spmb.uns.ac.id/infoprodi/profil/akreditasi?kode_prodi=74101
s3-ilmu-kedokteran,11001,Ilmu Kedokteran,S3,Pascasarjana,Saintek,Kampus Utama (Surakarta),Fakultas Kedokteran,FK,Unggul,362.00,,"P1: 15, P2: 15",https://s3ilmukedokteran.fk.uns.ac.id/,https://spmb.uns.ac.id/infoprodi/profil/akreditasi?kode_prodi=11001
s3-ilmu-keolahragaan,89001,Ilmu Keolahragaan,S3,Pascasarjana,Saintek / Keolahragaan,Kampus Utama (Surakarta),Fakultas Keolahragaan,FKOR,Unggul,369.00,,"P1: 10, P2: 10",http://fkor.uns.ac.id/page/s3-ilmu-keolahragaan,https://spmb.uns.ac.id/infoprodi/profil/akreditasi?kode_prodi=89001
s2-ilmu-keolahragaan,89101,Ilmu Keolahragaan,S2,Pascasarjana,Saintek / Keolahragaan,Kampus Utama (Surakarta),Fakultas Keolahragaan,FKOR,Unggul,373.00,,"P1: 25, P2: 15",http://pasca.uns.ac.id/s2ilmukeolahragaan/,https://spmb.uns.ac.id/infoprodi/profil/akreditasi?kode_prodi=89101
s3-ilmu-kesehatan-masyarakat,13002,Ilmu Kesehatan Masyarakat,S3,Pascasarjana,Multidisiplin,Kampus Utama (Surakarta),Sekolah Pascasarjana,SPS,Unggul,364.00,,"P1: 10, P2: 10",http://pasca.uns.ac.id.s3ikm,https://spmb.uns.ac.id/infoprodi/profil/akreditasi?kode_prodi=13002
s2-ilmu-kesehatan-masyarakat,13101,Ilmu Kesehatan Masyarakat,S2,Pascasarjana,Multidisiplin,Kampus Utama (Surakarta),Sekolah Pascasarjana,SPS,Unggul,370.00,,"P1: 20, P2: 20",https://pasca.uns.ac.id/s2ikm/,https://spmb.uns.ac.id/infoprodi/profil/akreditasi?kode_prodi=13101
s3-ilmu-komunikasi,70001,Ilmu Komunikasi,S3,Pascasarjana,Soshum,Kampus Utama (Surakarta),Fakultas Ilmu Sosial dan Politik,FISIP,Baik Sekali,310.00,,"P1: 20, P2: 0",http://pasca.uns.ac.id/s3ilkom,https://spmb.uns.ac.id/infoprodi/profil/akreditasi?kode_prodi=70001
s2-ilmu-komunikasi,70101,Ilmu Komunikasi,S2,Pascasarjana,Soshum,Kampus Utama (Surakarta),Fakultas Ilmu Sosial dan Politik,FISIP,Unggul,369.00,,"P1: 30, P2: 30",http://pasca.uns.ac.id/s2ilkom/,https://spmb.uns.ac.id/infoprodi/profil/akreditasi?kode_prodi=70101
s2-ilmu-lingkungan,95129,Ilmu Lingkungan,S2,Pascasarjana,Multidisiplin,Kampus Utama (Surakarta),Sekolah Pascasarjana,SPS,Unggul,361.00,,"P1: 20, P2: 20",https://pasca.uns.ac.id/s2ilmulingkungan/,https://spmb.uns.ac.id/infoprodi/profil/akreditasi?kode_prodi=95129
s3-ilmu-lingkungan,95029,Ilmu Lingkungan,S3,Pascasarjana,Multidisiplin,Kampus Utama (Surakarta),Sekolah Pascasarjana,SPS,Unggul,361.00,,"P1: 15, P2: 15",https://pasca.uns.ac.id/s3-ilmu-lingkungan/,https://spmb.uns.ac.id/infoprodi/profil/akreditasi?kode_prodi=95029
s2-ilmu-linguistik,79102,Ilmu Linguistik,S2,Pascasarjana,Multidisiplin,Kampus Utama (Surakarta),Sekolah Pascasarjana,SPS,Baik Sekali,343.00,,"P1: 20, P2: 20",http://pasca.uns.ac.id/s2ilmulinguistik/,https://spmb.uns.ac.id/infoprodi/profil/akreditasi?kode_prodi=79102
s3-ilmu-pendidikan,86001,Ilmu Pendidikan,S3,Pascasarjana,Soshum,Kampus Utama (Surakarta),Fakultas Keguruan dan Ilmu Pendidikan,FKIP,Unggul,367.00,,"P1: 10, P2: 10",http://s3ip.fkip.uns.ac.id,https://spmb.uns.ac.id/infoprodi/profil/akreditasi?kode_prodi=86001
s3-ilmu-pertanian,54001,Ilmu Pertanian,S3,Pascasarjana,Multidisiplin,Kampus Utama (Surakarta),Sekolah Pascasarjana,SPS,Unggul,361.00,,"P1: 10, P2: 10",http://pasca.uns.ac.id/s3ilmupertanian,https://spmb.uns.ac.id/infoprodi/profil/akreditasi?kode_prodi=54001
s2-ilmu-tanah,54105,Ilmu Tanah,S2,Pascasarjana,Multidisiplin,Kampus Utama (Surakarta),Sekolah Pascasarjana,SPS,B,309.00,,"P1: 20, P2: 20",http://pasca.uns.ac.id/s2ilmutanah,https://spmb.uns.ac.id/infoprodi/profil/akreditasi?kode_prodi=54105
s3-ilmu-teknik-mesin,21001,Ilmu Teknik Mesin,S3,Pascasarjana,Saintek,Kampus Utama (Surakarta),Fakultas Teknik,FT,Unggul,379.00,,"P1: 10, P2: 10",https://mesin.ft.uns.ac.id/index.php/doctor/,https://spmb.uns.ac.id/infoprodi/profil/akreditasi?kode_prodi=21001
s3-ilmu-teknik-sipil,22001,Ilmu Teknik Sipil,S3,Pascasarjana,Saintek,Kampus Utama (Surakarta),Fakultas Teknik,FT,Unggul,362.00,,"P1: 10, P2: 10",,https://spmb.uns.ac.id/infoprodi/profil/akreditasi?kode_prodi=22001
s2-kajian-budaya,95127,Kajian Budaya,S2,Pascasarjana,Multidisiplin,Kampus Utama (Surakarta),Sekolah Pascasarjana,SPS,Unggul,367.00,,"P1: 20, P2: 20",https://pasca.uns.ac.id/s2kajianbudaya/,https://spmb.uns.ac.id/infoprodi/profil/akreditasi?kode_prodi=95127
s3-kajian-budaya,95027,Kajian Budaya,S3,Pascasarjana,Multidisiplin,Kampus Utama (Surakarta),Sekolah Pascasarjana,SPS,Unggul,365.00,,"P1: 10, P2: 10",https://pasca.uns.ac.id/s3kajianbudaya/,https://spmb.uns.ac.id/infoprodi/profil/akreditasi?kode_prodi=95027
s2-kenotariatan,74102,Kenotariatan,S2,Pascasarjana,Soshum,Kampus Utama (Surakarta),Fakultas Hukum,FH,Unggul,361.00,,"P1: 50, P2: 50",,https://spmb.uns.ac.id/infoprodi/profil/akreditasi?kode_prodi=74102
s2-keselamatan-dan-kesehatan-kerja,13142,Keselamatan dan Kesehatan Kerja,S2,Pascasarjana,Saintek,Kampus Utama (Surakarta),Fakultas Kedokteran,FK,Belum Akreditasi,,,,,https://spmb.uns.ac.id/infoprodi/profil/akreditasi?kode_prodi=13142
s3-kimia,47002,Kimia,S3,Pascasarjana,Saintek,Kampus Utama (Surakarta),Fakultas Matematika dan Ilmu Pengetahuan Alam,FMIPA,Baik,,,"P1: 10, P2: 10",,https://spmb.uns.ac.id/infoprodi/profil/akreditasi?kode_prodi=47002
s2-kimia,24101,Kimia,S2,Pascasarjana,Saintek,Kampus Utama (Surakarta),Fakultas Matematika dan Ilmu Pengetahuan Alam,FMIPA,Unggul,363.00,,"P1: 20, P2: 20",https://mipa.uns.ac.id/s2kimia/,https://spmb.uns.ac.id/infoprodi/profil/akreditasi?kode_prodi=24101
s3-linguistik,79002,Linguistik,S3,Pascasarjana,Multidisiplin,Kampus Utama (Surakarta),Sekolah Pascasarjana,SPS,Baik Sekali,348.00,,"P1: 15, P2: 15",https://pasca.uns.ac.id/s3linguistik/profil/,https://spmb.uns.ac.id/infoprodi/profil/akreditasi?kode_prodi=79002
s2-manajemen,61101,Manajemen,S2,Pascasarjana,Soshum,Kampus Utama (Surakarta),Fakultas Ekonomika dan Bisnis,FEB,Unggul,,,"P1: 60, P2: 60",https://feb.uns.ac.id/feb/magister_manajemen/,https://spmb.uns.ac.id/infoprodi/profil/akreditasi?kode_prodi=61101
s2-matematika,44101,Matematika,S2,Pascasarjana,Saintek,Kampus Utama (Surakarta),Fakultas Matematika dan Ilmu Pengetahuan Alam,FMIPA,Baik,,,"P1: 20, P2: 20",,https://spmb.uns.ac.id/infoprodi/profil/akreditasi?kode_prodi=44101
s2-pendidikan-bahasa-dan-sastra-daerah,88102,Pendidikan Bahasa dan Sastra Daerah,S2,Pascasarjana,Soshum,Kampus Utama (Surakarta),Fakultas Keguruan dan Ilmu Pendidikan,FKIP,Unggul,374.00,,"P1: 20, P2: 20",s2pbsd.fkip.uns.ac.id,https://spmb.uns.ac.id/infoprodi/profil/akreditasi?kode_prodi=88102
s3-pendidikan-bahasa-indonesia,88001,Pendidikan Bahasa Indonesia,S3,Pascasarjana,Soshum,Kampus Utama (Surakarta),Fakultas Keguruan dan Ilmu Pendidikan,FKIP,Unggul,373.00,,"P1: 10, P2: 10",https://s3pbi.fkip.uns.ac.id/,https://spmb.uns.ac.id/infoprodi/profil/akreditasi?kode_prodi=88001
s2-pendidikan-bahasa-indonesia,88101,Pendidikan Bahasa Indonesia,S2,Pascasarjana,Soshum,Kampus Utama (Surakarta),Fakultas Keguruan dan Ilmu Pendidikan,FKIP,Unggul,387.00,,"P1: 20, P2: 20",https://s2pbsd.fkip.uns.ac.id/,https://spmb.uns.ac.id/infoprodi/profil/akreditasi?kode_prodi=88101
s2-pendidikan-bahasa-inggris,88103,Pendidikan Bahasa Inggris,S2,Pascasarjana,Soshum,Kampus Utama (Surakarta),Fakultas Keguruan dan Ilmu Pendidikan,FKIP,Unggul,367.00,,"P1: 20, P2: 20",https://pbing.fkip.uns.ac.id/,https://spmb.uns.ac.id/infoprodi/profil/akreditasi?kode_prodi=88103
s2-pendidikan-biologi,84105,Pendidikan Biologi,S2,Pascasarjana,Saintek,Kampus Utama (Surakarta),Fakultas Keguruan dan Ilmu Pendidikan,FKIP,Unggul,370.00,,"P1: 20, P2: 20",https://s2pbio.fkip.uns.ac.id/,https://spmb.uns.ac.id/infoprodi/profil/akreditasi?kode_prodi=84105
s2-pendidikan-ekonomi,87103,Pendidikan Ekonomi,S2,Pascasarjana,Soshum,Kampus Utama (Surakarta),Fakultas Keguruan dan Ilmu Pendidikan,FKIP,Unggul,374.00,,"P1: 20, P2: 20",https://mpe.fkip.uns.ac.id/,https://spmb.uns.ac.id/infoprodi/profil/akreditasi?kode_prodi=87103
s3-pendidikan-ekonomi,87003,Pendidikan Ekonomi,S3,Pascasarjana,Soshum,Kampus Utama (Surakarta),Fakultas Keguruan dan Ilmu Pendidikan,FKIP,Unggul,372.00,,"P1: 10, P2: 10",https://s3pe.fkip.uns.ac.id/,https://spmb.uns.ac.id/infoprodi/profil/akreditasi?kode_prodi=87003
s2-pendidikan-fisika,84103,Pendidikan Fisika,S2,Pascasarjana,Saintek,Kampus Utama (Surakarta),Fakultas Keguruan dan Ilmu Pendidikan,FKIP,Unggul,378.00,,"P1: 20, P2: 20",http://s2pfisika.fkip.uns.ac.id,https://spmb.uns.ac.id/infoprodi/profil/akreditasi?kode_prodi=84103
s2-pendidikan-geografi,87102,Pendidikan Geografi,S2,Pascasarjana,Soshum,Kampus Utama (Surakarta),Fakultas Keguruan dan Ilmu Pendidikan,FKIP,Unggul,371.00,,"P1: 20, P2: 20",https://s2geo.fkip.uns.ac.id/,https://spmb.uns.ac.id/infoprodi/profil/akreditasi?kode_prodi=87102
s2-pendidikan-guru-sekolah-dasar,86106,Pendidikan Guru Sekolah Dasar,S2,Pascasarjana,Soshum,Kampus Utama (Surakarta),Fakultas Keguruan dan Ilmu Pendidikan,FKIP,Unggul,368.00,,"P1: 50, P2: 50",https://s2pgsd.fkip.uns.ac.id/,https://spmb.uns.ac.id/infoprodi/profil/akreditasi?kode_prodi=86106
s2-pendidikan-guru-sekolah-dasar-kampus-kabupaten-kebumen,86245,Pendidikan Guru Sekolah Dasar (Kampus Kabupaten Kebumen),S2,Pascasarjana,Soshum,Kampus PSDKU Kebumen,Fakultas Keguruan dan Ilmu Pendidikan,FKIP,Baik Sekali,329.00,,"P1: 20, P2: 20",https://s2pgsd.fkip.uns.ac.id/,https://spmb.uns.ac.id/infoprodi/profil/akreditasi?kode_prodi=86245
s2-pendidikan-guru-vokasi,83101,Pendidikan Guru Vokasi,S2,Pascasarjana,Soshum,Kampus Utama (Surakarta),Fakultas Keguruan dan Ilmu Pendidikan,FKIP,Unggul,375.00,,"P1: 20, P2: 20",https://s2guruvokasi.fkip.uns.ac.id,https://spmb.uns.ac.id/infoprodi/profil/akreditasi?kode_prodi=83101
s3-pendidikan-ilmu-pengetahuan-alam,84001,Pendidikan Ilmu Pengetahuan Alam,S3,Pascasarjana,Soshum,Kampus Utama (Surakarta),Fakultas Keguruan dan Ilmu Pendidikan,FKIP,Unggul,361.00,,"P1: 10, P2: 10",http://s3ipa.fkip.uns.ac.id,https://spmb.uns.ac.id/infoprodi/profil/akreditasi?kode_prodi=84001
s2-pendidikan-kimia,84104,Pendidikan Kimia,S2,Pascasarjana,Saintek,Kampus Utama (Surakarta),Fakultas Keguruan dan Ilmu Pendidikan,FKIP,Unggul,361.00,,"P1: 20, P2: 20",https://s2pkimia.fkip.uns.ac.id/,https://spmb.uns.ac.id/infoprodi/profil/akreditasi?kode_prodi=84104
s2-pendidikan-luar-biasa,86117,Pendidikan Luar Biasa,S2,Pascasarjana,Soshum,Kampus Utama (Surakarta),Fakultas Keguruan dan Ilmu Pendidikan,FKIP,Unggul,366.00,,"P1: 20, P2: 20",https://s2plb.fkip.uns.ac.id/,https://spmb.uns.ac.id/infoprodi/profil/akreditasi?kode_prodi=86117
s2-pendidikan-matematika,84102,Pendidikan Matematika,S2,Pascasarjana,Saintek,Kampus Utama (Surakarta),Fakultas Keguruan dan Ilmu Pendidikan,FKIP,Unggul,361.00,,"P1: 20, P2: 20",https://s2pmath.fkip.uns.ac.id/,https://spmb.uns.ac.id/infoprodi/profil/akreditasi?kode_prodi=84102
s2-pendidikan-pancasila-dan-kewarganegaraan,87157,Pendidikan Pancasila dan Kewarganegaraan,S2,Pascasarjana,Soshum,Kampus Utama (Surakarta),Fakultas Keguruan dan Ilmu Pendidikan,FKIP,Unggul,372.00,,"P1: 20, P2: 20",https://s2ppkn.fkip.uns.ac.id/,https://spmb.uns.ac.id/infoprodi/profil/akreditasi?kode_prodi=87157
s2-pendidikan-sains,84101,Pendidikan Sains,S2,Pascasarjana,Soshum,Kampus Utama (Surakarta),Fakultas Keguruan dan Ilmu Pendidikan,FKIP,Unggul,366.00,,"P1: 20, P2: 20",https://psains.fkip.uns.ac.id,https://spmb.uns.ac.id/infoprodi/profil/akreditasi?kode_prodi=84101
s2-pendidikan-sejarah,87101,Pendidikan Sejarah,S2,Pascasarjana,Soshum,Kampus Utama (Surakarta),Fakultas Keguruan dan Ilmu Pendidikan,FKIP,Unggul,373.00,,"P1: 20, P2: 20",https://s2psejarah.fkip.uns.ac.id/,https://spmb.uns.ac.id/infoprodi/profil/akreditasi?kode_prodi=87101
s3-pendidikan-sejarah,87007,Pendidikan Sejarah,S3,Pascasarjana,Soshum,Kampus Utama (Surakarta),Fakultas Keguruan dan Ilmu Pendidikan,FKIP,Unggul,366.00,,"P1: 10, P2: 10",http://s3psejarah.fkip.uns.ac.id/,https://spmb.uns.ac.id/infoprodi/profil/akreditasi?kode_prodi=87007
s2-pendidikan-seni,88110,Pendidikan Seni,S2,Pascasarjana,Soshum,Kampus Utama (Surakarta),Fakultas Keguruan dan Ilmu Pendidikan,FKIP,Unggul,364.00,,"P1: 20, P2: 20",https://s2pseni.fkip.uns.ac.id/,https://spmb.uns.ac.id/infoprodi/profil/akreditasi?kode_prodi=88110
s2-penyuluhan-pembangunan,54103,Penyuluhan Pembangunan,S2,Pascasarjana,Multidisiplin,Kampus Utama (Surakarta),Sekolah Pascasarjana,SPS,Unggul,367.00,,"P1: 20, P2: 20",https://pasca.uns.ac.id/s2pppm/,https://spmb.uns.ac.id/infoprodi/profil/akreditasi?kode_prodi=54103
s3-penyuluhan-pembangunan-pemberdayaan-masyarakat,95003,Penyuluhan Pembangunan/Pemberdayaan Masyarakat,S3,Pascasarjana,Multidisiplin,Kampus Utama (Surakarta),Sekolah Pascasarjana,SPS,Unggul,263.00,,"P1: 15, P2: 10",https://pasca.uns.ac.id/s3pppm/,https://spmb.uns.ac.id/infoprodi/profil/akreditasi?kode_prodi=95003
s2-perencanaan-wilayah-dan-kota,35103,Perencanaan Wilayah dan Kota,S2,Pascasarjana,Saintek,Kampus Utama (Surakarta),Fakultas Teknik,FT,Akreditasi Minimal,201.00,,"P1: 20, P2: 20",https://mpwk.ft.uns.ac.id/,https://spmb.uns.ac.id/infoprodi/profil/akreditasi?kode_prodi=35103
s2-peternakan,54131,Peternakan,S2,Pascasarjana,Multidisiplin,Kampus Utama (Surakarta),Sekolah Pascasarjana,SPS,Unggul,367.39,,"P1: 20, P2: 20",https://pasca.uns.ac.id/s2peternakan/,https://spmb.uns.ac.id/infoprodi/profil/akreditasi?kode_prodi=54131
s2-seni-rupa,90101,Seni Rupa,S2,Pascasarjana,Soshum,Kampus Utama (Surakarta),Fakultas Seni Rupa dan Desain,FSRD,Baik Sekali,349.00,,"P1: 20, P2: 20",https://fsrd.uns.ac.id/s2-seni-rupa/,https://spmb.uns.ac.id/infoprodi/profil/akreditasi?kode_prodi=90101
s2-sosiologi,69101,Sosiologi,S2,Pascasarjana,Multidisiplin,Kampus Utama (Surakarta),Sekolah Pascasarjana,SPS,Unggul,364.00,,"P1: 20, P2: 20",https://pasca.uns.ac.id/s2sosiologi/,https://spmb.uns.ac.id/infoprodi/profil/akreditasi?kode_prodi=69101
s2-teknik-elektro,20101,Teknik Elektro,S2,Pascasarjana,Saintek,Kampus Utama (Surakarta),Fakultas Teknik,FT,Baik,,,"P1: 20, P2: 20",,https://spmb.uns.ac.id/infoprodi/profil/akreditasi?kode_prodi=20101
s2-teknik-industri,26101,Teknik Industri,S2,Pascasarjana,Saintek,Kampus Utama (Surakarta),Fakultas Teknik,FT,Unggul,364.00,,"P1: 20, P2: 20",http://industri.ft.uns.ac.id/magister,https://spmb.uns.ac.id/infoprodi/profil/akreditasi?kode_prodi=26101
s3-teknik-industri,26002,Teknik Industri,S3,Pascasarjana,Saintek,Kampus Utama (Surakarta),Fakultas Teknik,FT,Baik Sekali,,,"P1: 10, P2: 10",https://industri.ft.uns.ac.id/doktor/,https://spmb.uns.ac.id/infoprodi/profil/akreditasi?kode_prodi=26002
s2-teknik-kimia,47102,Teknik Kimia,S2,Pascasarjana,Saintek,Kampus Utama (Surakarta),Fakultas Teknik,FT,Baik Sekali,323.00,,"P1: 20, P2: 20",https://che.ft.uns.ac.id/index.php/36-s2,https://spmb.uns.ac.id/infoprodi/profil/akreditasi?kode_prodi=47102
s2-teknik-mesin,21101,Teknik Mesin,S2,Pascasarjana,Saintek,Kampus Utama (Surakarta),Fakultas Teknik,FT,Unggul,361.00,,"P1: 20, P2: 20",https://mesin.ft.uns.ac.id/index.php/magister/,https://spmb.uns.ac.id/infoprodi/profil/akreditasi?kode_prodi=21101
s2-teknik-sipil,22101,Teknik Sipil,S2,Pascasarjana,Saintek,Kampus Utama (Surakarta),Fakultas Teknik,FT,Unggul,,,"P1: 20, P2: 20",https://s2-sipil.ft.uns.ac.id/,https://spmb.uns.ac.id/infoprodi/profil/akreditasi?kode_prodi=22101
s2-teknologi-pendidikan,86103,Teknologi Pendidikan,S2,Pascasarjana,Soshum,Kampus Utama (Surakarta),Fakultas Keguruan dan Ilmu Pendidikan,FKIP,Unggul,378.00,,"P1: 40, P2: 40",https://teknologipendidikan.fkip.uns.ac.id/,https://spmb.uns.ac.id/infoprodi/profil/akreditasi?kode_prodi=86103
